CREATE TABLE Products (
	ProductID INT PRIMARY KEY,
	ProductName VARCHAR(100),
	Category VARCHAR(50),
	Description VARCHAR(100),
	Price DECIMAL(10, 2),
	SupplierID INT,
	DateAdded DATE
);

-- Insert 100 products into the Products table
INSERT INTO Products (ProductID, ProductName, Category, Description, Price, SupplierID, DateAdded) 
VALUES 
(1, 'Organic Apples', 'Fruits', 'Fresh organic apples', 2.99, 1, '2023-09-01'),
(2, 'Whole Wheat Bread', 'Bakery', 'Whole wheat bread, 100% whole grain', 3.49, 2, '2023-09-02'),
(3, 'Skim Milk', 'Dairy', 'Low-fat skim milk, 1 gallon', 2.79, 3, '2023-09-03'),
(4, 'Chicken Breasts', 'Meat', 'Boneless, skinless chicken breasts', 5.99, 4, '2023-09-04'),
(5, 'Organic Bananas', 'Fruits', 'Fresh organic bananas', 1.99, 1, '2023-09-05'),
(6, 'Almond Butter', 'Grocery', 'Smooth almond butter, 16 oz jar', 6.99, 5, '2023-09-06'),
(7, 'Eggs', 'Dairy', 'Dozen large eggs', 3.29, 3, '2023-09-07'),
(8, 'Cheddar Cheese', 'Dairy', 'Aged cheddar cheese, 8 oz block', 4.49, 3, '2023-09-08'),
(9, 'Spaghetti', 'Grocery', 'Pasta spaghetti, 1 lb box', 1.99, 6, '2023-09-09'),
(10, 'Olive Oil', 'Grocery', 'Extra virgin olive oil, 500 ml', 7.49, 7, '2023-09-10'),
(11, 'Brown Rice', 'Grocery', 'Long grain brown rice, 2 lb bag', 3.89, 8, '2023-09-11'),
(12, 'Greek Yogurt', 'Dairy', 'Plain Greek yogurt, 32 oz tub', 5.29, 3, '2023-09-12'),
(13, 'Tomatoes', 'Fruits', 'Juicy red tomatoes, per lb', 2.49, 1, '2023-09-13'),
(14, 'Bagels', 'Bakery', 'Plain bagels, pack of 6', 4.29, 2, '2023-09-14'),
(15, 'Beef Steak', 'Meat', 'Choice beef steak, 1 lb', 8.99, 4, '2023-09-15'),
(16, 'Spinach', 'Fruits', 'Fresh spinach, 1 lb', 3.29, 1, '2023-09-16'),
(17, 'Butter', 'Dairy', 'Salted butter, 1 lb', 4.19, 3, '2023-09-17'),
(18, 'Chicken Sausages', 'Meat', 'Chicken sausages, 1 lb', 5.49, 4, '2023-09-18'),
(19, 'Frozen Berries', 'Fruits', 'Mixed frozen berries, 16 oz', 6.49, 1, '2023-09-19'),
(20, 'Granola Bars', 'Grocery', 'Granola bars, pack of 12', 4.99, 6, '2023-09-20'),
(21, 'Pita Bread', 'Bakery', 'Pita bread, pack of 6', 3.79, 2, '2023-09-21'),
(22, 'Orange Juice', 'Grocery', 'Fresh squeezed orange juice, 1 liter', 3.59, 7, '2023-09-22'),
(23, 'Mozzarella Cheese', 'Dairy', 'Mozzarella cheese, 8 oz block', 3.99, 3, '2023-09-23'),
(24, 'Avocados', 'Fruits', 'Fresh avocados, each', 1.49, 1, '2023-09-24'),
(25, 'Oatmeal', 'Grocery', 'Instant oatmeal, 18 oz box', 2.69, 6, '2023-09-25'),
(26, 'French Fries', 'Grocery', 'Frozen French fries, 2 lb bag', 4.29, 8, '2023-09-26'),
(27, 'Sliced Ham', 'Meat', 'Sliced ham, 1 lb', 4.99, 4, '2023-09-27'),
(28, 'Peanut Butter', 'Grocery', 'Creamy peanut butter, 18 oz jar', 3.89, 5, '2023-09-28'),
(29, 'Salmon Fillets', 'Meat', 'Fresh salmon fillets, 1 lb', 12.99, 4, '2023-09-29'),
(30, 'Hummus', 'Grocery', 'Classic hummus, 8 oz tub', 3.29, 6, '2023-09-30'),
(31, 'Whole Milk', 'Dairy', 'Whole milk, 1 gallon', 3.09, 3, '2023-10-01'),
(32, 'Pumpkin Pie', 'Bakery', 'Pumpkin pie, 9 inch', 6.99, 2, '2023-10-02'),
(33, 'Mixed Nuts', 'Grocery', 'Assorted mixed nuts, 16 oz', 7.49, 5, '2023-10-03'),
(34, 'Corn on the Cob', 'Fruits', 'Fresh corn on the cob, each', 0.89, 1, '2023-10-04'),
(35, 'Greek Salad', 'Fruits', 'Prepared Greek salad, 1 lb', 4.49, 1, '2023-10-05'),
(36, 'Sour Cream', 'Dairy', 'Sour cream, 16 oz tub', 2.99, 3, '2023-10-06'),
(37, 'Hot Dogs', 'Meat', 'Beef hot dogs, pack of 10', 4.29, 4, '2023-10-07'),
(38, 'Chocolate Milk', 'Dairy', 'Chocolate milk, 1 liter', 3.49, 3, '2023-10-08'),
(39, 'Cereal', 'Grocery', 'Breakfast cereal, 12 oz box', 3.29, 6, '2023-10-09'),
(40, 'Bag of Apples', 'Fruits', 'Bag of assorted apples, 5 lbs', 4.99, 1, '2023-10-10'),
(41, 'Lettuce', 'Fruits', 'Romaine lettuce, each', 2.29, 1, '2023-10-11'),
(42, 'Macaroni', 'Grocery', 'Macaroni pasta, 1 lb box', 1.89, 6, '2023-10-12'),
(43, 'Garlic Bread', 'Bakery', 'Garlic bread loaf, 1 lb', 3.49, 2, '2023-10-13'),
(44, 'Cottage Cheese', 'Dairy', 'Cottage cheese, 16 oz tub', 4.19, 3, '2023-10-14'),
(45, 'Chicken Nuggets', 'Meat', 'Frozen chicken nuggets, 1 lb', 5.99, 4, '2023-10-15'),
(46, 'Tortillas', 'Bakery', 'Flour tortillas, pack of 8', 3.69, 2, '2023-10-16'),
(47, 'Applesauce', 'Grocery', 'Unsweetened applesauce, 24 oz jar', 2.99, 6, '2023-10-17'),
(48, 'Cranberries', 'Grocery', 'Dried cranberries, 8 oz bag', 3.49, 7, '2023-10-18'),
(49, 'Chicken Thighs', 'Meat', 'Boneless chicken thighs, 1 lb', 4.99, 4, '2023-10-19'),
(50, 'Italian Dressing', 'Grocery', 'Italian dressing, 16 oz bottle', 3.19, 7, '2023-10-20'),
(51, 'Muffins', 'Bakery', 'Blueberry muffins, pack of 6', 5.99, 2, '2023-10-21'),
(52, 'Sweet Potatoes', 'Fruits', 'Sweet potatoes, per lb', 2.89, 1, '2023-10-22'),
(53, 'Milk Chocolate', 'Grocery', 'Milk chocolate bars, pack of 4', 4.29, 5, '2023-10-23'),
(54, 'Toilet Paper', 'Grocery', 'Toilet paper, pack of 12 rolls', 7.99, 8, '2023-10-24'),
(55, 'Salami', 'Meat', 'Salami, 1 lb', 6.49, 4, '2023-10-25'),
(56, 'Bag of Oranges', 'Fruits', 'Bag of oranges, 4 lbs', 5.99, 1, '2023-10-26'),
(57, 'Pancake Mix', 'Grocery', 'Pancake mix, 32 oz box', 4.49, 6, '2023-10-27'),
(58, 'Cheese Pizza', 'Bakery', 'Frozen cheese pizza, 12 inch', 7.99, 2, '2023-10-28'),
(59, 'Peppers', 'Fruits', 'Assorted bell peppers, each', 1.69, 1, '2023-10-29'),
(60, 'Canned Tuna', 'Grocery', 'Canned tuna, 5 oz can', 1.29, 7, '2023-10-30'),
(61, 'Broccoli', 'Fruits', 'Fresh broccoli, per lb', 2.49, 1, '2023-11-01'),
(62, 'Brown Sugar', 'Grocery', 'Brown sugar, 2 lb bag', 2.99, 6, '2023-11-02'),
(63, 'Bread Rolls', 'Bakery', 'Dinner rolls, pack of 12', 3.99, 2, '2023-11-03'),
(64, 'Cream Cheese', 'Dairy', 'Cream cheese, 8 oz tub', 3.49, 3, '2023-11-04'),
(65, 'BBQ Sauce', 'Grocery', 'BBQ sauce, 16 oz bottle', 3.19, 7, '2023-11-05'),
(66, 'Pork Chops', 'Meat', 'Pork chops, 1 lb', 5.49, 4, '2023-11-06'),
(67, 'Raisins', 'Grocery', 'Raisins, 12 oz box', 2.99, 5, '2023-11-07'),
(68, 'Waffles', 'Bakery', 'Frozen waffles, pack of 10', 4.79, 2, '2023-11-08'),
(69, 'Green Beans', 'Fruits', 'Fresh green beans, per lb', 2.89, 1, '2023-11-09'),
(70, 'Salsa', 'Grocery', 'Tomato salsa, 16 oz jar', 3.49, 7, '2023-11-10'),
(71, 'Frozen Pizza', 'Bakery', 'Frozen pepperoni pizza, 12 inch', 8.49, 2, '2023-11-11'),
(72, 'Turkey Breast', 'Meat', 'Sliced turkey breast, 1 lb', 6.99, 4, '2023-11-12'),
(73, 'Rice Cakes', 'Grocery', 'Rice cakes, 14 oz pack', 2.99, 5, '2023-11-13'),
(74, 'Sweet Corn', 'Fruits', 'Sweet corn, frozen, 16 oz bag', 2.49, 1, '2023-11-14'),
(75, 'Hot Sauce', 'Grocery', 'Hot sauce, 12 oz bottle', 2.99, 7, '2023-11-15'),
(76, 'Pita Chips', 'Grocery', 'Pita chips, 8 oz bag', 3.79, 5, '2023-11-16'),
(77, 'Chicken Wings', 'Meat', 'Chicken wings, 1 lb', 6.99, 4, '2023-11-17'),
(78, 'Mixed Vegetables', 'Fruits', 'Frozen mixed vegetables, 16 oz bag', 2.99, 1, '2023-11-18'),
(79, 'Butter Popcorn', 'Grocery', 'Butter popcorn, 6 oz bag', 1.99, 6, '2023-11-19'),
(80, 'Granola', 'Grocery', 'Granola cereal, 12 oz bag', 4.29, 5, '2023-11-20'),
(81, 'Sweet Pickles', 'Grocery', 'Sweet pickles, 16 oz jar', 3.19, 7, '2023-11-21'),
(82, 'Mini Muffins', 'Bakery', 'Mini muffins, pack of 12', 4.99, 2, '2023-11-22'),
(83, 'Carrots', 'Fruits', 'Fresh carrots, per lb', 1.99, 1, '2023-11-23'),
(84, 'Chili Mix', 'Grocery', 'Chili mix seasoning, 1 oz packet', 1.49, 6, '2023-11-24'),
(85, 'Ribeye Steak', 'Meat', 'Ribeye steak, 1 lb', 10.99, 4, '2023-11-25'),
(86, 'Ginger Ale', 'Grocery', 'Ginger ale, 2 liter bottle', 2.79, 7, '2023-11-26'),
(87, 'Yogurt', 'Dairy', 'Vanilla yogurt, 32 oz tub', 4.49, 3, '2023-11-27'),
(88, 'Roast Beef', 'Meat', 'Roast beef, 1 lb', 7.49, 4, '2023-11-28'),
(89, 'Dried Apricots', 'Grocery', 'Dried apricots, 8 oz bag', 3.99, 5, '2023-11-29'),
(90, 'Pasta Sauce', 'Grocery', 'Marinara pasta sauce, 24 oz jar', 3.49, 7, '2023-11-30'),
(91, 'Tortilla Chips', 'Grocery', 'Tortilla chips, 12 oz bag', 3.29, 5, '2023-12-01'),
(92, 'Pancake Syrup', 'Grocery', 'Maple pancake syrup, 24 oz bottle', 4.49, 6, '2023-12-02'),
(93, 'Cucumber', 'Fruits', 'Fresh cucumber, each', 1.29, 1, '2023-12-03'),
(94, 'Bacon', 'Meat', 'Bacon, 1 lb', 5.99, 4, '2023-12-04'),
(95, 'Maple Syrup', 'Grocery', 'Pure maple syrup, 16 oz bottle', 6.49, 7, '2023-12-05'),
(96, 'Cheese Spread', 'Dairy', 'Cheese spread, 8 oz tub', 3.99, 3, '2023-12-06'),
(97, 'Green Tea', 'Grocery', 'Green tea bags, 20 count', 2.49, 8, '2023-12-07'),
(98, 'Pork Ribs', 'Meat', 'Pork ribs, 1 lb', 7.99, 4, '2023-12-08'),
(99, 'Sliced Bread', 'Bakery', 'Sliced sandwich bread, 1 loaf', 2.99, 2, '2023-12-09'),
(100, 'Peas', 'Fruits', 'Frozen peas, 16 oz bag', 2.49, 1, '2023-12-10');

CREATE TABLE Stores(
	StoreID INT PRIMARY KEY,
	StoreName VARCHAR(100),
	Address VARCHAR(100),
	City VARCHAR(100),
	StateCode CHAR(2),
	Zipcode CHAR(5)
);

CREATE TABLE StoreInventory(
	ProductID INT,
	StoreID INT,
	StockLevel INT,
	ReorderThreshold INT,
	LastRestocked DATE,
	PRIMARY KEY (ProductID, StoreID),
	FOREIGN KEY (ProductID) REFERENCES Products(ProductID), 
	FOREIGN KEY (StoreID) REFERENCES Stores(StoreID)
);

INSERT INTO StoreInventory (ProductID, StoreID, StockLevel, ReorderThreshold, LastRestocked) VALUES
(1, 1, 46, 50, '2024-08-15'),
(2, 1, 87, 50, '2024-09-01'),
(3, 1, 64, 50, '2024-08-01'),
(4, 1, 57, 30, '2024-08-15'),
(5, 1, 92, 50, '2024-09-01'),
(6, 1, 41, 30, '2024-08-15'),
(7, 1, 72, 40, '2024-08-15'),
(8, 1, 79, 50, '2024-08-15'),
(9, 1, 70, 50, '2024-08-01'),
(10, 1, 62, 30, '2024-08-01'),
(11, 1, 68, 50, '2024-08-15'),
(12, 1, 50, 40, '2024-09-01'),
(13, 1, 83, 40, '2024-08-15'),
(14, 1, 92, 30, '2024-09-01'),
(15, 1, 52, 50, '2024-08-01'),
(16, 1, 28, 40, '2024-08-01'),
(17, 1, 71, 40, '2024-08-01'),
(18, 1, 94, 40, '2024-08-15'),
(19, 1, 88, 30, '2024-08-01'),
(20, 1, 36, 40, '2024-08-15'),
(21, 1, 65, 50, '2024-08-15'),
(22, 1, 63, 50, '2024-08-01'),
(23, 1, 77, 50, '2024-09-01'),
(24, 1, 61, 40, '2024-08-15'),
(25, 1, 68, 50, '2024-08-15'),
(26, 1, 75, 50, '2024-08-15'),
(27, 1, 34, 40, '2024-08-15'),
(28, 1, 30, 30, '2024-08-15'),
(29, 1, 94, 40, '2024-09-01'),
(30, 1, 64, 40, '2024-08-01'),
(31, 1, 67, 30, '2024-08-15'),
(32, 1, 41, 30, '2024-09-01'),
(33, 1, 64, 30, '2024-08-15'),
(34, 1, 65, 30, '2024-08-15'),
(35, 1, 66, 30, '2024-08-01'),
(36, 1, 85, 30, '2024-08-15'),
(37, 1, 60, 30, '2024-08-15'),
(38, 1, 77, 30, '2024-08-15'),
(39, 1, 56, 30, '2024-09-01'),
(40, 1, 55, 30, '2024-08-01'),
(41, 1, 49, 30, '2024-08-01'),
(42, 1, 33, 40, '2024-09-01'),
(43, 1, 32, 50, '2024-08-01'),
(44, 1, 85, 50, '2024-09-01'),
(45, 1, 86, 30, '2024-08-01'),
(46, 1, 83, 30, '2024-08-15'),
(47, 1, 96, 50, '2024-08-15'),
(48, 1, 64, 50, '2024-08-15'),
(49, 1, 68, 40, '2024-08-15'),
(50, 1, 63, 30, '2024-08-01'),
(51, 1, 48, 30, '2024-08-01'),
(52, 1, 57, 50, '2024-08-01'),
(53, 1, 42, 40, '2024-08-01'),
(54, 1, 35, 40, '2024-08-15'),
(55, 1, 75, 50, '2024-09-01'),
(56, 1, 62, 50, '2024-09-01'),
(57, 1, 56, 50, '2024-08-15'),
(58, 1, 51, 40, '2024-08-15'),
(59, 1, 73, 40, '2024-08-15'),
(60, 1, 40, 30, '2024-09-01'),
(61, 1, 57, 40, '2024-08-01'),
(62, 1, 89, 30, '2024-08-01'),
(63, 1, 42, 40, '2024-08-01'),
(64, 1, 75, 50, '2024-08-15'),
(65, 1, 65, 40, '2024-08-01'),
(66, 1, 91, 40, '2024-09-01'),
(67, 1, 68, 40, '2024-08-15'),
(68, 1, 68, 30, '2024-09-01'),
(69, 1, 40, 40, '2024-08-01'),
(70, 1, 87, 50, '2024-09-01'),
(71, 1, 34, 30, '2024-08-01'),
(72, 1, 66, 40, '2024-08-01'),
(73, 1, 43, 30, '2024-09-01'),
(74, 1, 88, 30, '2024-08-15'),
(75, 1, 90, 40, '2024-08-15'),
(76, 1, 88, 40, '2024-08-15'),
(77, 1, 73, 30, '2024-08-15'),
(78, 1, 31, 40, '2024-09-01'),
(79, 1, 47, 40, '2024-08-15'),
(80, 1, 41, 30, '2024-08-15'),
(81, 1, 31, 40, '2024-08-15'),
(82, 1, 42, 50, '2024-08-01'),
(83, 1, 84, 30, '2024-08-01'),
(84, 1, 69, 40, '2024-08-15'),
(85, 1, 29, 30, '2024-08-15'),
(86, 1, 34, 50, '2024-09-01'),
(87, 1, 70, 30, '2024-09-01'),
(88, 1, 40, 40, '2024-09-01'),
(89, 1, 61, 40, '2024-08-01'),
(90, 1, 90, 50, '2024-09-01'),
(91, 1, 58, 40, '2024-08-15'),
(92, 1, 88, 30, '2024-08-01'),
(93, 1, 71, 30, '2024-08-15'),
(94, 1, 58, 50, '2024-08-15'),
(95, 1, 94, 40, '2024-08-15'),
(96, 1, 28, 30, '2024-08-15'),
(97, 1, 28, 40, '2024-08-01'),
(98, 1, 82, 30, '2024-08-01'),
(99, 1, 78, 40, '2024-09-01'),
(100, 1, 94, 50, '2024-09-01');

CREATE TABLE WarehouseInventory(
	ProductID INT,
	StockLevel INT,
	ReorderThreshold INT,
	LastRestocked DATE,
	StorageLocation VARCHAR(20),
	PRIMARY KEY (ProductID),
	FOREIGN KEY (ProductID) REFERENCES Products(ProductID) 
);

INSERT INTO WarehouseInventory (ProductID, StockLevel, ReorderThreshold, LastRestocked, StorageLocation) VALUES
(1, 140, 75, '2024-08-01', 'Warehouse'), 
(2, 190, 75, '2024-08-15', 'Warehouse'), 
(3, 130, 75, '2024-08-15', 'Freezer'), 
(4, 100, 75, '2024-08-01', 'Freezer'), 
(5, 170, 100, '2024-08-01', 'Warehouse'), 
(6, 150, 100, '2024-08-15', 'Warehouse'), 
(7, 160, 75, '2024-08-01', 'Freezer'), 
(8, 100, 50, '2024-09-01', 'Freezer'), 
(9, 170, 50, '2024-08-01', 'Warehouse'), 
(10, 120, 50, '2024-08-01', 'Warehouse'), 
(11, 70, 75, '2024-09-01', 'Warehouse'), 
(12, 130, 100, '2024-09-01', 'Freezer'), 
(13, 150, 100, '2024-09-01', 'Warehouse'), 
(14, 160, 75, '2024-08-01', 'Warehouse'), 
(15, 80, 50, '2024-08-01', 'Freezer'), 
(16, 120, 75, '2024-08-01', 'Warehouse'), 
(17, 110, 75, '2024-08-01', 'Freezer'), 
(18, 130, 50, '2024-09-01', 'Freezer'), 
(19, 170, 75, '2024-09-01', 'Warehouse'), 
(20, 130, 75, '2024-08-15', 'Warehouse'), 
(21, 130, 100, '2024-09-01', 'Warehouse'), 
(22, 100, 75, '2024-09-01', 'Warehouse'), 
(23, 190, 75, '2024-08-15', 'Freezer'), 
(24, 100, 100, '2024-08-01', 'Warehouse'), 
(25, 90, 75, '2024-09-01', 'Warehouse'), 
(26, 150, 75, '2024-08-01', 'Warehouse'), 
(27, 90, 50, '2024-08-01', 'Freezer'), 
(28, 120, 100, '2024-08-01', 'Warehouse'), 
(29, 150, 50, '2024-08-01', 'Freezer'), 
(30, 110, 100, '2024-09-01', 'Warehouse'), 
(31, 80, 100, '2024-08-15', 'Freezer'), 
(32, 130, 100, '2024-08-01', 'Warehouse'), 
(33, 70, 50, '2024-08-01', 'Warehouse'), 
(34, 120, 100, '2024-09-01', 'Warehouse'), 
(35, 120, 50, '2024-08-01', 'Warehouse'), 
(36, 100, 100, '2024-08-01', 'Freezer'), 
(37, 100, 100, '2024-08-01', 'Freezer'), 
(38, 100, 75, '2024-08-01', 'Freezer'), 
(39, 170, 100, '2024-09-01', 'Warehouse'), 
(40, 180, 50, '2024-09-01', 'Warehouse'), 
(41, 180, 100, '2024-08-01', 'Warehouse'), 
(42, 180, 100, '2024-08-15', 'Warehouse'), 
(43, 90, 100, '2024-08-01', 'Warehouse'), 
(44, 100, 50, '2024-09-01', 'Freezer'), 
(45, 100, 50, '2024-09-01', 'Freezer'), 
(46, 130, 100, '2024-08-01', 'Warehouse'), 
(47, 120, 50, '2024-09-01', 'Warehouse'), 
(48, 100, 75, '2024-08-15', 'Freezer'), 
(49, 160, 50, '2024-08-01', 'Freezer'), 
(50, 130, 75, '2024-08-15', 'Warehouse'), 
(51, 140, 100, '2024-09-01', 'Warehouse'), 
(52, 160, 100, '2024-08-15', 'Freezer'), 
(53, 140, 75, '2024-08-15', 'Warehouse'), 
(54, 150, 50, '2024-08-15', 'Warehouse'), 
(55, 100, 100, '2024-09-01', 'Warehouse'), 
(56, 120, 100, '2024-09-01', 'Warehouse'), 
(57, 150, 100, '2024-09-01', 'Warehouse'), 
(58, 160, 50, '2024-08-01', 'Warehouse'), 
(59, 120, 50, '2024-09-01', 'Warehouse'), 
(60, 200, 75, '2024-08-15', 'Warehouse'), 
(61, 70, 75, '2024-08-01', 'Warehouse'), 
(62, 100, 50, '2024-09-01', 'Warehouse'), 
(63, 120, 100, '2024-08-15', 'Freezer'), 
(64, 180, 50, '2024-09-01', 'Warehouse'), 
(65, 110, 100, '2024-09-01', 'Freezer'), 
(66, 90, 100, '2024-08-01', 'Warehouse'), 
(67, 170, 50, '2024-08-15', 'Warehouse'), 
(68, 70, 100, '2024-08-01', 'Freezer'), 
(69, 170, 100, '2024-09-01', 'Warehouse'), 
(70, 120, 50, '2024-08-01', 'Warehouse'), 
(71, 70, 100, '2024-09-01', 'Warehouse'), 
(72, 80, 50, '2024-08-15', 'Warehouse'), 
(73, 170, 75, '2024-09-01', 'Warehouse'), 
(74, 100, 75, '2024-08-15', 'Freezer'), 
(75, 120, 75, '2024-08-01', 'Warehouse'), 
(76, 140, 100, '2024-08-01', 'Warehouse'), 
(77, 130, 75, '2024-08-01', 'Warehouse'), 
(78, 100, 100, '2024-08-15', 'Freezer'), 
(79, 70, 75, '2024-08-15', 'Warehouse'), 
(80, 70, 100, '2024-09-01', 'Warehouse'), 
(81, 190, 50, '2024-09-01', 'Freezer'), 
(82, 130, 100, '2024-08-01', 'Freezer'), 
(83, 100, 50, '2024-08-01', 'Warehouse'), 
(84, 140, 100, '2024-08-01', 'Freezer'), 
(85, 80, 100, '2024-08-01', 'Warehouse'), 
(86, 130, 100, '2024-08-15', 'Freezer'), 
(87, 100, 50, '2024-08-15', 'Freezer'), 
(88, 140, 75, '2024-09-01', 'Warehouse'), 
(89, 160, 75, '2024-09-01', 'Freezer'), 
(90, 130, 100, '2024-09-01', 'Freezer'), 
(91, 90, 75, '2024-08-15', 'Freezer'), 
(92, 180, 75, '2024-08-01', 'Warehouse'), 
(93, 90, 50, '2024-09-01', 'Freezer'), 
(94, 120, 75, '2024-08-15', 'Freezer'), 
(95, 100, 75, '2024-09-01', 'Freezer'), 
(96, 170, 50, '2024-08-01', 'Freezer'), 
(97, 140, 100, '2024-08-01', 'Freezer'), 
(98, 70, 50, '2024-08-01', 'Freezer'), 
(99, 90, 50, '2024-08-01', 'Warehouse'), 
(100, 100, 50, '2024-08-01', 'Freezer');

CREATE TABLE Suppliers (
	SupplierID INT PRIMARY KEY,
	SupplierName VARCHAR(100),
	ContactName VARCHAR(100),
	PhoneNumber VARCHAR(15),
	Email VARCHAR(100),
	DeliveryLeadTimeDays INT
);

CREATE TABLE Customers (
	CustomerID INT PRIMARY KEY,
	CustomerName VARCHAR(100),
	Email VARCHAR(100),
	LoyaltyPoints INT,
	JoinDate DATE,
LastSeen DATE
);

INSERT INTO Suppliers (SupplierID, SupplierName, ContactName, PhoneNumber, Email, DeliveryLeadTimeDays) VALUES
(1, 'Fresh Farms', 'John Doe', '123-456-7890', 'john@freshfarms.com', 3),
(2, 'Bakery Bliss', 'Jane Smith', '234-567-8901', 'jane@bakerybliss.com', 5),
(3, 'Dairy Delight', 'Sam Brown', '345-678-9012', 'sam@dairydelight.com', 7),
(4, 'Meat Masters', 'Emily Davis', '456-789-0123', 'emily@meatmasters.com', 14),
(5, 'Grocery Giant', 'Michael Lee', '567-890-1234', 'michael@grocerygiant.com', 2),
(6, 'Pasta Perfection', 'Anna Wilson', '678-901-2345', 'anna@pastaperfection.com', 10),
(7, 'Juice Junction', 'Chris Evans', '789-012-3456', 'chris@juicejunction.com', 6),
(8, 'Rice Right', 'Rachel Green', '890-123-4567', 'rachel@riceright.com', 5);

INSERT INTO Customers (CustomerID, CustomerName, Email, LoyaltyPoints, JoinDate, LastSeen) VALUES
(1, 'Joseph Ewing', 'joseph.ewing@example.com', 300, '2019-09-17', '2024-08-20'),
(2, 'Greg Singleton', 'greg.singleton@example.com', 584, '2024-05-17', '2024-02-08'),
(3, 'Joseph Foster', 'joseph.foster@example.com', 839, '2024-07-26', '2024-08-04'),
(4, 'Todd Diaz', 'todd.diaz@example.com', 798, '2019-09-11', '2024-05-08'),
(5, 'Mark Santiago', 'mark.santiago@example.com', 314, '2024-07-23', '2024-01-27'),
(6, 'Brianna Herrera', 'brianna.herrera@example.com', 711, '2024-01-13', '2024-07-29'),
(7, 'Michael Nelson', 'michael.nelson@example.com', 563, '2024-08-21', '2024-07-10'),
(8, 'Adam Bowman', 'adam.bowman@example.com', 393, '2024-09-24', '2024-07-08'),
(9, 'Heather Gordon', 'heather.gordon@example.com', 614, '2024-01-20', '2024-07-11'),
(10, 'Russell Young', 'russell.young@example.com', 112, '2024-09-10', '2024-07-27'),
(11, 'Kelly Wise', 'kelly.wise@example.com', 41, '2024-01-03', '2024-02-05'),
(12, 'Alexis Stevenson', 'alexis.stevenson@example.com', 807, '2019-02-11', '2019-07-15'),
(13, 'Vincent Calderon', 'vincent.calderon@example.com', 519, '2024-02-25', '2024-08-31'),
(14, 'Marcus Hill', 'marcus.hill@example.com', 549, '2019-02-24', '2024-07-18'),
(15, 'Michaela Alexander', 'michaela.alexander@example.com', 723, '2024-07-20', '2024-06-04'),
(16, 'Pamela Glenn', 'pamela.glenn@example.com', 812, '2024-07-27', '2024-07-02'),
(17, 'Valerie Silva', 'valerie.silva@example.com', 259, '2024-05-11', '2024-08-06'),
(18, 'Wesley Gaines', 'wesley.gaines@example.com', 394, '2024-04-10', '2024-05-21'),
(19, 'Ryan Crawford', 'ryan.crawford@example.com', 200, '2024-02-17', '2024-07-06'),
(20, 'Tanya Hudson', 'tanya.hudson@example.com', 853, '2024-09-28', '2024-11-24'),
(21, 'Anthony Thompson', 'anthony.thompson@example.com', 724, '2024-06-15', '2024-05-19'),
(22, 'Eric Fields', 'eric.fields@example.com', 529, '2024-07-12', '2024-09-09'),
(23, 'Brandy Harrison', 'brandy.harrison@example.com', 866, '2024-01-01', '2024-07-03'),
(24, 'Steven Williamson', 'steven.williamson@example.com', 780, '2024-05-17', '2024-09-09'),
(25, 'Michael Holmes', 'michael.holmes@example.com', 446, '2024-10-03', '2024-05-22'),
(26, 'Alexis Hurst', 'alexis.hurst@example.com', 624, '2024-07-02', '2024-07-12'),
(27, 'Jessica Jimenez', 'jessica.jimenez@example.com', 805, '2024-07-21', '2024-07-16'),
(28, 'Anthony Chapman', 'anthony.chapman@example.com', 271, '2024-07-18', '2024-07-13'),
(29, 'Sara Blanchard', 'sara.blanchard@example.com', 770, '2024-07-24', '2024-07-01'),
(30, 'Matthew Mitchell', 'matthew.mitchell@example.com', 718, '2024-01-09', '2024-08-01'),
(31, 'Robert Hernandez', 'robert.hernandez@example.com', 540, '2024-07-12', '2024-07-31'),
(32, 'Scott Smith', 'scott.smith@example.com', 185, '2024-02-02', '2024-06-14'),
(33, 'Matthew Smith', 'matthew.smith@example.com', 928, '2024-01-02', '2024-07-16'),
(34, 'Stephanie Hunter', 'stephanie.hunter@example.com', 516, '2024-03-08', '2024-06-27'),
(35, 'Brandon Ellis', 'brandon.ellis@example.com', 588, '2024-03-15', '2024-08-12'),
(36, 'Joseph Clarke', 'joseph.clarke@example.com', 546, '2019-03-02', '2024-06-13'),
(37, 'Michael Young', 'michael.young@example.com', 862, '2019-04-11', '2024-08-29'),
(38, 'Jaime Williams', 'jaime.williams@example.com', 347, '2019-09-21', '2024-01-11'),
(39, 'Melissa Morgan', 'melissa.morgan@example.com', 562, '2024-01-20', '2024-01-10'),
(40, 'Brandy English', 'brandy.english@example.com', 542, '2024-06-06', '2024-07-04'),
(41, 'Caroline George', 'caroline.george@example.com', 496, '2019-02-25', '2024-07-05'),
(42, 'Dustin Stevenson', 'dustin.stevenson@example.com', 578, '2024-01-26', '2024-02-07'),
(43, 'Brad Carlson', 'brad.carlson@example.com', 225, '2024-04-27', '2024-07-01'),
(44, 'Jennifer Hammond', 'jennifer.hammond@example.com', 727, '2024-06-06', '2024-06-02'),
(45, 'Marc Smith', 'marc.smith@example.com', 756, '2019-08-29', '2024-03-23'),
(46, 'Mr. Michael Martin', 'mr.michael.martin@example.com', 481, '2019-07-14', '2024-08-09');